,Survived,Pclass,Age,Individual_Fare,Family_Size,Sex_male,Embarked_Q,Embarked_S,Family_Type_large,Family_Type_small,Title_Miss.,Title_Mr.,Title_Mrs.,Title_other.,Deck_B,Deck_C,Deck_D,Deck_E,Deck_F,Deck_G,Deck_M
0,0,3,22,3.625,2,1,0,1,0,1,0,1,0,0,0,0,0,0,0,0,1
1,1,1,38,35.64165,2,0,0,0,0,1,0,0,1,0,0,1,0,0,0,0,0
2,1,3,26,7.925,1,0,0,1,0,0,1,0,0,0,0,0,0,0,0,0,1
3,1,1,35,26.55,2,0,0,1,0,1,0,0,1,0,0,1,0,0,0,0,0
4,0,3,35,8.05,1,1,0,1,0,0,0,1,0,0,0,0,0,0,0,0,1
5,0,3,26,8.4583,1,1,1,0,0,0,0,1,0,0,0,0,0,0,0,0,1
6,0,1,54,51.8625,1,1,0,1,0,0,0,1,0,0,0,0,0,1,0,0,0
7,0,3,2,4.215,5,1,0,1,1,0,0,0,0,0,0,0,0,0,0,0,1
8,1,3,27,3.7111,3,0,0,1,0,1,0,0,1,0,0,0,0,0,0,0,1
9,1,2,14,15.0354,2,0,0,0,0,1,0,0,1,0,0,0,0,0,0,0,1
10,1,3,4,5.566666666666666,3,0,0,1,0,1,1,0,0,0,0,0,0,0,0,1,0
11,1,1,58,26.55,1,0,0,1,0,0,1,0,0,0,0,1,0,0,0,0,0
12,0,3,20,8.05,1,1,0,1,0,0,0,1,0,0,0,0,0,0,0,0,1
13,0,3,39,4.4678571428571425,7,1,0,1,1,0,0,1,0,0,0,0,0,0,0,0,1
14,0,3,14,7.8542,1,0,0,1,0,0,1,0,0,0,0,0,0,0,0,0,1
15,1,2,55,16.0,1,0,0,1,0,0,0,0,1,0,0,0,0,0,0,0,1
16,0,3,2,4.854166666666667,6,1,1,0,1,0,0,0,0,0,0,0,0,0,0,0,1
17,1,2,30,13.0,1,1,0,1,0,0,0,1,0,0,0,0,0,0,0,0,1
18,0,3,31,9.0,2,0,0,1,0,1,0,0,1,0,0,0,0,0,0,0,1
19,1,3,31,7.225,1,0,0,0,0,0,0,0,1,0,0,0,0,0,0,0,1
20,0,2,35,26.0,1,1,0,1,0,0,0,1,0,0,0,0,0,0,0,0,1
21,1,2,34,13.0,1,1,0,1,0,0,0,1,0,0,0,0,1,0,0,0,0
22,1,3,15,8.0292,1,0,1,0,0,0,1,0,0,0,0,0,0,0,0,0,1
23,1,1,28,35.5,1,1,0,1,0,0,0,1,0,0,0,0,0,0,0,0,0
24,0,3,8,4.215,5,0,0,1,1,0,1,0,0,0,0,0,0,0,0,0,1
25,1,3,38,4.483928571428572,7,0,0,1,1,0,0,0,1,0,0,0,0,0,0,0,1
26,0,3,26,7.225,1,1,0,0,0,0,0,1,0,0,0,0,0,0,0,0,1
27,0,1,19,43.833333333333336,6,1,0,1,1,0,0,1,0,0,0,1,0,0,0,0,0
28,1,3,18,7.8792,1,0,1,0,0,0,1,0,0,0,0,0,0,0,0,0,1
29,0,3,26,7.8958,1,1,0,1,0,0,0,1,0,0,0,0,0,0,0,0,1
30,0,1,40,27.7208,1,1,0,0,0,0,0,1,0,0,0,0,0,0,0,0,1
31,1,1,45,73.2604,2,0,0,0,0,1,0,0,1,0,1,0,0,0,0,0,0
32,1,3,18,7.75,1,0,1,0,0,0,1,0,0,0,0,0,0,0,0,0,1
33,0,2,66,10.5,1,1,0,1,0,0,0,1,0,0,0,0,0,0,0,0,1
34,0,1,28,41.0854,2,1,0,0,0,1,0,1,0,0,0,0,0,0,0,0,1
35,0,1,42,26.0,2,1,0,1,0,1,0,1,0,0,0,0,0,0,0,0,1
36,1,3,26,7.2292,1,1,0,0,0,0,0,1,0,0,0,0,0,0,0,0,1
37,0,3,21,8.05,1,1,0,1,0,0,0,1,0,0,0,0,0,0,0,0,1
38,0,3,18,6.0,3,0,0,1,0,1,1,0,0,0,0,0,0,0,0,0,1
39,1,3,14,5.62085,2,0,0,0,0,1,1,0,0,0,0,0,0,0,0,0,1
40,0,3,40,4.7375,2,0,0,1,0,1,0,0,1,0,0,0,0,0,0,0,1
41,0,2,27,10.5,2,0,0,1,0,1,0,0,1,0,0,0,0,0,0,0,1
42,0,3,26,7.8958,1,1,0,0,0,0,0,1,0,0,0,0,0,0,0,0,1
43,1,2,3,10.3948,4,0,0,0,0,1,1,0,0,0,0,0,0,0,0,0,1
44,1,3,19,7.8792,1,0,1,0,0,0,1,0,0,0,0,0,0,0,0,0,1
45,0,3,26,8.05,1,1,0,1,0,0,0,1,0,0,0,0,0,0,0,0,1
46,0,3,26,7.75,2,1,1,0,0,1,0,1,0,0,0,0,0,0,0,0,1
47,1,3,18,7.75,1,0,1,0,0,0,1,0,0,0,0,0,0,0,0,0,1
48,0,3,26,7.226400000000001,3,1,0,0,0,1,0,1,0,0,0,0,0,0,0,0,1
49,0,3,18,8.9,2,0,0,1,0,1,0,0,1,0,0,0,0,0,0,0,1
50,0,3,7,6.614583333333333,6,1,0,1,1,0,0,0,0,0,0,0,0,0,0,0,1
51,0,3,21,7.8,1,1,0,1,0,0,0,1,0,0,0,0,0,0,0,0,1
52,1,1,49,38.3646,2,0,0,0,0,1,0,0,1,0,0,0,1,0,0,0,0
53,1,2,29,13.0,2,0,0,1,0,1,0,0,1,0,0,0,0,0,0,0,1
54,0,1,65,30.9896,2,1,0,0,0,1,0,1,0,0,1,0,0,0,0,0,0
55,1,1,41,35.5,1,1,0,1,0,0,0,1,0,0,0,1,0,0,0,0,0
56,1,2,21,10.5,1,0,0,1,0,0,1,0,0,0,0,0,0,0,0,0,1
57,0,3,28,7.2292,1,1,0,0,0,0,0,1,0,0,0,0,0,0,0,0,1
58,1,2,5,6.9375,4,0,0,1,0,1,1,0,0,0,0,0,0,0,0,0,1
59,0,3,11,5.8625,8,1,0,1,1,0,0,0,0,0,0,0,0,0,0,0,1
60,0,3,22,7.2292,1,1,0,0,0,0,0,1,0,0,0,0,0,0,0,0,1
61,1,1,38,80.0,1,0,0,0,0,0,1,0,0,0,1,0,0,0,0,0,0
62,0,1,45,41.7375,2,1,0,1,0,1,0,1,0,0,0,1,0,0,0,0,0
63,0,3,4,4.6499999999999995,6,1,0,1,1,0,0,0,0,0,0,0,0,0,0,0,1
64,0,1,41,27.7208,1,1,0,0,0,0,0,1,0,0,0,0,0,0,0,0,1
65,1,3,6,5.081933333333333,3,1,0,0,0,1,0,0,0,0,0,0,0,0,0,0,1
66,1,2,29,10.5,1,0,0,1,0,0,0,0,1,0,0,0,0,0,1,0,0
67,0,3,19,8.1583,1,1,0,1,0,0,0,1,0,0,0,0,0,0,0,0,1
68,1,3,17,1.1321428571428571,7,0,0,1,1,0,1,0,0,0,0,0,0,0,0,0,1
69,0,3,26,2.8874999999999997,3,1,0,1,0,1,0,1,0,0,0,0,0,0,0,0,1
70,0,2,32,10.5,1,1,0,1,0,0,0,1,0,0,0,0,0,0,0,0,1
71,0,3,16,5.8625,8,0,0,1,1,0,1,0,0,0,0,0,0,0,0,0,1
72,0,2,21,73.5,1,1,0,1,0,0,0,1,0,0,0,0,0,0,0,0,1
73,0,3,26,7.2271,2,1,0,0,0,1,0,1,0,0,0,0,0,0,0,0,1
74,1,3,32,56.4958,1,1,0,1,0,0,0,1,0,0,0,0,0,0,0,0,1
75,0,3,25,7.65,1,1,0,1,0,0,0,1,0,0,0,0,0,0,1,0,0
76,0,3,26,7.8958,1,1,0,1,0,0,0,1,0,0,0,0,0,0,0,0,1
77,0,3,26,8.05,1,1,0,1,0,0,0,1,0,0,0,0,0,0,0,0,1
78,1,2,0,9.666666666666666,3,1,0,1,0,1,0,0,0,0,0,0,0,0,0,0,1
79,1,3,30,12.475,1,0,0,1,0,0,1,0,0,0,0,0,0,0,0,0,1
80,0,3,22,9.0,1,1,0,1,0,0,0,1,0,0,0,0,0,0,0,0,1
81,1,3,29,9.5,1,1,0,1,0,0,0,1,0,0,0,0,0,0,0,0,1
82,1,3,18,7.7875,1,0,1,0,0,0,1,0,0,0,0,0,0,0,0,0,1
83,0,1,28,47.1,1,1,0,1,0,0,0,1,0,0,0,0,0,0,0,0,1
84,1,2,17,10.5,1,0,0,1,0,0,1,0,0,0,0,0,0,0,0,0,1
85,1,3,33,3.9625,4,0,0,1,0,1,0,0,1,0,0,0,0,0,0,0,1
86,0,3,16,6.875,5,1,0,1,1,0,0,1,0,0,0,0,0,0,0,0,1
87,0,3,26,8.05,1,1,0,1,0,0,0,1,0,0,0,0,0,0,0,0,1
88,1,1,23,43.833333333333336,6,0,0,1,1,0,1,0,0,0,0,1,0,0,0,0,0
89,0,3,24,8.05,1,1,0,1,0,0,0,1,0,0,0,0,0,0,0,0,1
90,0,3,29,8.05,1,1,0,1,0,0,0,1,0,0,0,0,0,0,0,0,1
91,0,3,20,7.8542,1,1,0,1,0,0,0,1,0,0,0,0,0,0,0,0,1
92,0,1,46,30.5875,2,1,0,1,0,1,0,1,0,0,0,0,0,1,0,0,0
93,0,3,26,5.14375,4,1,0,1,0,1,0,1,0,0,0,0,0,0,0,0,1
94,0,3,59,7.25,1,1,0,1,0,0,0,1,0,0,0,0,0,0,0,0,1
95,0,3,26,8.05,1,1,0,1,0,0,0,1,0,0,0,0,0,0,0,0,1
96,0,1,71,34.6542,1,1,0,0,0,0,0,1,0,0,0,0,0,0,0,0,0
97,1,1,23,31.67915,2,1,0,0,0,1,0,1,0,0,0,0,1,0,0,0,0
98,1,2,34,11.5,2,0,0,1,0,1,0,0,1,0,0,0,0,0,0,0,1
99,0,2,34,13.0,2,1,0,1,0,1,0,1,0,0,0,0,0,0,0,0,1
100,0,3,28,7.8958,1,0,0,1,0,0,1,0,0,0,0,0,0,0,0,0,1
101,0,3,26,7.8958,1,1,0,1,0,0,0,1,0,0,0,0,0,0,0,0,1
102,0,1,21,38.64375,2,1,0,1,0,1,0,1,0,0,0,0,1,0,0,0,0
103,0,3,33,8.6542,1,1,0,1,0,0,0,1,0,0,0,0,0,0,0,0,1
104,0,3,37,2.6416666666666666,3,1,0,1,0,1,0,1,0,0,0,0,0,0,0,0,1
105,0,3,28,7.8958,1,1,0,1,0,0,0,1,0,0,0,0,0,0,0,0,1
106,1,3,21,7.65,1,0,0,1,0,0,1,0,0,0,0,0,0,0,0,0,1
107,1,3,26,7.775,1,1,0,1,0,0,0,1,0,0,0,0,0,0,0,0,1
108,0,3,38,7.8958,1,1,0,1,0,0,0,1,0,0,0,0,0,0,0,0,1
109,1,3,18,12.075,2,0,1,0,0,1,1,0,0,0,0,0,0,0,0,0,1
110,0,1,47,52.0,1,1,0,1,0,0,0,1,0,0,0,1,0,0,0,0,0
111,0,3,14,7.2271,2,0,0,0,0,1,1,0,0,0,0,0,0,0,0,0,1
112,0,3,22,8.05,1,1,0,1,0,0,0,1,0,0,0,0,0,0,0,0,1
113,0,3,20,4.9125,2,0,0,1,0,1,1,0,0,0,0,0,0,0,0,0,1
114,0,3,17,14.4583,1,0,0,0,0,0,1,0,0,0,0,0,0,0,0,0,1
115,0,3,21,7.925,1,1,0,1,0,0,0,1,0,0,0,0,0,0,0,0,1
116,0,3,70,7.75,1,1,1,0,0,0,0,1,0,0,0,0,0,0,0,0,1
117,0,2,29,10.5,2,1,0,1,0,1,0,1,0,0,0,0,0,0,0,0,1
118,0,1,24,123.7604,2,1,0,0,0,1,0,1,0,0,1,0,0,0,0,0,0
119,0,3,2,4.4678571428571425,7,0,0,1,1,0,1,0,0,0,0,0,0,0,0,0,1
120,0,2,21,24.5,3,1,0,1,0,1,0,1,0,0,0,0,0,0,0,0,1
121,0,3,26,8.05,1,1,0,1,0,0,0,1,0,0,0,0,0,0,0,0,1
122,0,2,32,15.0354,2,1,0,0,0,1,0,1,0,0,0,0,0,0,0,0,1
123,1,2,32,13.0,1,0,0,1,0,0,1,0,0,0,0,0,0,1,0,0,0
124,0,1,54,38.64375,2,1,0,1,0,1,0,1,0,0,0,0,1,0,0,0,0
125,1,3,12,5.62085,2,1,0,0,0,1,0,0,0,0,0,0,0,0,0,0,1
126,0,3,26,7.75,1,1,1,0,0,0,0,1,0,0,0,0,0,0,0,0,1
127,1,3,24,7.1417,1,1,0,1,0,0,0,1,0,0,0,0,0,0,0,0,1
128,1,3,18,7.452766666666666,3,0,0,0,0,1,1,0,0,0,0,0,0,0,1,0,0
129,0,3,45,6.975,1,1,0,1,0,0,0,1,0,0,0,0,0,0,0,0,1
130,0,3,33,7.8958,1,1,0,0,0,0,0,1,0,0,0,0,0,0,0,0,1
131,0,3,20,7.05,1,1,0,1,0,0,0,1,0,0,0,0,0,0,0,0,1
132,0,3,47,7.25,2,0,0,1,0,1,0,0,1,0,0,0,0,0,0,0,1
133,1,2,29,13.0,2,0,0,1,0,1,0,0,1,0,0,0,0,0,0,0,1
134,0,2,25,13.0,1,1,0,1,0,0,0,1,0,0,0,0,0,0,0,0,1
135,0,2,23,15.0458,1,1,0,0,0,0,0,1,0,0,0,0,0,0,0,0,1
136,1,1,19,8.7611,3,0,0,1,0,1,1,0,0,0,0,0,1,0,0,0,0
137,0,1,37,26.55,2,1,0,1,0,1,0,1,0,0,0,1,0,0,0,0,0
138,0,3,16,9.2167,1,1,0,1,0,0,0,1,0,0,0,0,0,0,0,0,1
139,0,1,24,79.2,1,1,0,0,0,0,0,1,0,0,1,0,0,0,0,0,0
140,0,3,31,5.081933333333333,3,0,0,0,0,1,0,0,1,0,0,0,0,0,0,0,1
141,1,3,22,7.75,1,0,0,1,0,0,1,0,0,0,0,0,0,0,0,0,1
142,1,3,24,7.925,2,0,0,1,0,1,0,0,1,0,0,0,0,0,0,0,1
143,0,3,19,6.75,1,1,1,0,0,0,0,1,0,0,0,0,0,0,0,0,1
144,0,2,18,11.5,1,1,0,1,0,0,0,1,0,0,0,0,0,0,0,0,1
145,0,2,19,12.25,3,1,0,1,0,1,0,1,0,0,0,0,0,0,0,0,1
146,1,3,27,7.7958,1,1,0,1,0,0,0,1,0,0,0,0,0,0,0,0,1
147,0,3,9,6.875,5,0,0,1,1,0,1,0,0,0,0,0,0,0,0,0,1
148,0,2,36,8.666666666666666,3,1,0,1,0,1,0,1,0,0,0,0,0,0,1,0,0
149,0,2,42,13.0,1,1,0,1,0,0,0,0,0,1,0,0,0,0,0,0,1
150,0,2,51,12.525,1,1,0,1,0,0,0,0,0,1,0,0,0,0,0,0,1
151,1,1,22,33.3,2,0,0,1,0,1,0,0,1,0,0,1,0,0,0,0,0
152,0,3,55,8.05,1,1,0,1,0,0,0,1,0,0,0,0,0,0,0,0,1
153,0,3,40,4.833333333333333,3,1,0,1,0,1,0,1,0,0,0,0,0,0,0,0,1
154,0,3,26,7.3125,1,1,0,1,0,0,0,1,0,0,0,0,0,0,0,0,1
155,0,1,51,30.6896,2,1,0,0,0,1,0,1,0,0,0,0,0,0,0,0,1
156,1,3,16,7.7333,1,0,1,0,0,0,1,0,0,0,0,0,0,0,0,0,1
157,0,3,30,8.05,1,1,0,1,0,0,0,1,0,0,0,0,0,0,0,0,1
158,0,3,26,8.6625,1,1,0,1,0,0,0,1,0,0,0,0,0,0,0,0,1
159,0,3,6,6.322727272727272,11,1,0,1,1,0,0,0,0,0,0,0,0,0,0,0,1
160,0,3,44,8.05,2,1,0,1,0,1,0,1,0,0,0,0,0,0,0,0,1
161,1,2,40,15.75,1,0,0,1,0,0,0,0,1,0,0,0,0,0,0,0,1
162,0,3,26,7.775,1,1,0,1,0,0,0,1,0,0,0,0,0,0,0,0,1
163,0,3,17,8.6625,1,1,0,1,0,0,0,1,0,0,0,0,0,0,0,0,1
164,0,3,1,6.614583333333333,6,1,0,1,1,0,0,0,0,0,0,0,0,0,0,0,1
165,1,3,9,6.841666666666666,3,1,0,1,0,1,0,0,0,0,0,0,0,0,0,0,1
166,1,1,45,27.5,2,0,0,1,0,1,0,0,1,0,0,0,0,1,0,0,0
167,0,3,45,4.6499999999999995,6,0,0,1,1,0,0,0,1,0,0,0,0,0,0,0,1
168,0,1,41,25.925,1,1,0,1,0,0,0,1,0,0,0,0,0,0,0,0,1
169,0,3,28,56.4958,1,1,0,1,0,0,0,1,0,0,0,0,0,0,0,0,1
170,0,1,61,33.5,1,1,0,1,0,0,0,1,0,0,1,0,0,0,0,0,0
171,0,3,4,4.854166666666667,6,1,1,0,1,0,0,0,0,0,0,0,0,0,0,0,1
172,1,3,1,3.7111,3,0,0,1,0,1,1,0,0,0,0,0,0,0,0,0,1
173,0,3,21,7.925,1,1,0,1,0,0,0,1,0,0,0,0,0,0,0,0,1
174,0,1,56,30.6958,1,1,0,0,0,0,0,1,0,0,0,0,0,0,0,0,0
175,0,3,18,2.6180666666666665,3,1,0,1,0,1,0,1,0,0,0,0,0,0,0,0,1
176,0,3,6,5.0933399999999995,5,1,0,1,1,0,0,0,0,0,0,0,0,0,0,0,1
177,0,1,50,28.7125,1,0,0,0,0,0,1,0,0,0,0,1,0,0,0,0,0
178,0,2,30,13.0,1,1,0,1,0,0,0,1,0,0,0,0,0,0,0,0,1
179,0,3,36,0.0,1,1,0,1,0,0,0,1,0,0,0,0,0,0,0,0,1
180,0,3,18,6.322727272727272,11,0,0,1,1,0,1,0,0,0,0,0,0,0,0,0,1
181,0,2,30,15.05,1,1,0,0,0,0,0,1,0,0,0,0,0,0,0,0,1
182,0,3,9,4.483928571428572,7,1,0,1,1,0,0,0,0,0,0,0,0,0,0,0,1
183,1,2,1,9.75,4,1,0,1,0,1,0,0,0,0,0,0,0,0,1,0,0
184,1,3,4,7.341666666666666,3,0,0,1,0,1,1,0,0,0,0,0,0,0,0,0,1
185,0,1,41,50.0,1,1,0,1,0,0,0,1,0,0,0,0,0,0,0,0,0
186,1,3,31,7.75,2,0,1,0,0,1,0,0,1,0,0,0,0,0,0,0,1
187,1,1,45,26.55,1,1,0,1,0,0,0,1,0,0,0,0,0,0,0,0,1
188,0,3,40,5.166666666666667,3,1,1,0,0,1,0,1,0,0,0,0,0,0,0,0,1
189,0,3,36,7.8958,1,1,0,1,0,0,0,1,0,0,0,0,0,0,0,0,1
190,1,2,32,13.0,1,0,0,1,0,0,0,0,1,0,0,0,0,0,0,0,1
191,0,2,19,13.0,1,1,0,1,0,0,0,1,0,0,0,0,0,0,0,0,1
192,1,3,19,3.9271,2,0,0,1,0,1,1,0,0,0,0,0,0,0,0,0,1
193,1,2,3,8.666666666666666,3,1,0,1,0,1,0,0,0,0,0,0,0,0,1,0,0
194,1,1,44,27.7208,1,0,0,0,0,0,0,0,1,0,1,0,0,0,0,0,0
195,1,1,58,146.5208,1,0,0,0,0,0,1,0,0,0,1,0,0,0,0,0,0
196,0,3,26,7.75,1,1,1,0,0,0,0,1,0,0,0,0,0,0,0,0,1
197,0,3,42,4.2021,2,1,0,1,0,1,0,1,0,0,0,0,0,0,0,0,1
198,1,3,18,7.75,1,0,1,0,0,0,1,0,0,0,0,0,0,0,0,0,1
199,0,2,24,13.0,1,0,0,1,0,0,1,0,0,0,0,0,0,0,0,0,1
200,0,3,28,9.5,1,1,0,1,0,0,0,1,0,0,0,0,0,0,0,0,1
201,0,3,26,6.322727272727272,11,1,0,1,1,0,0,1,0,0,0,0,0,0,0,0,1
202,0,3,34,6.4958,1,1,0,1,0,0,0,1,0,0,0,0,0,0,0,0,1
203,0,3,45,7.225,1,1,0,0,0,0,0,1,0,0,0,0,0,0,0,0,1
204,1,3,18,8.05,1,1,0,1,0,0,0,1,0,0,0,0,0,0,0,0,1
205,0,3,2,5.23125,2,0,0,1,0,1,1,0,0,0,0,0,0,0,0,1,0
206,0,3,32,7.925,2,1,0,1,0,1,0,1,0,0,0,0,0,0,0,0,1
207,1,3,26,18.7875,1,1,0,0,0,0,0,1,0,0,0,0,0,0,0,0,1
208,1,3,16,7.75,1,0,1,0,0,0,1,0,0,0,0,0,0,0,0,0,1
209,1,1,40,31.0,1,1,0,0,0,0,0,1,0,0,0,0,0,0,0,0,0
210,0,3,24,7.05,1,1,0,1,0,0,0,1,0,0,0,0,0,0,0,0,1
211,1,2,35,21.0,1,0,0,1,0,0,1,0,0,0,0,0,0,0,0,0,1
212,0,3,22,7.25,1,1,0,1,0,0,0,1,0,0,0,0,0,0,0,0,1
213,0,2,30,13.0,1,1,0,1,0,0,0,1,0,0,0,0,0,0,0,0,1
214,0,3,26,3.875,2,1,1,0,0,1,0,1,0,0,0,0,0,0,0,0,1
215,1,1,31,56.6375,2,0,0,0,0,1,1,0,0,0,0,0,1,0,0,0,0
216,1,3,27,7.925,1,0,0,1,0,0,1,0,0,0,0,0,0,0,0,0,1
217,0,2,42,13.5,2,1,0,1,0,1,0,1,0,0,0,0,0,0,0,0,1
218,1,1,32,76.2917,1,0,0,0,0,0,1,0,0,0,0,0,1,0,0,0,0
219,0,2,30,10.5,1,1,0,1,0,0,0,1,0,0,0,0,0,0,0,0,1
220,1,3,16,8.05,1,1,0,1,0,0,0,1,0,0,0,0,0,0,0,0,1
221,0,2,27,13.0,1,1,0,1,0,0,0,1,0,0,0,0,0,0,0,0,1
222,0,3,51,8.05,1,1,0,1,0,0,0,1,0,0,0,0,0,0,0,0,1
223,0,3,26,7.8958,1,1,0,1,0,0,0,1,0,0,0,0,0,0,0,0,1
224,1,1,38,45.0,2,1,0,1,0,1,0,1,0,0,0,1,0,0,0,0,0
225,0,3,22,9.35,1,1,0,1,0,0,0,1,0,0,0,0,0,0,0,0,1
226,1,2,19,10.5,1,1,0,1,0,0,0,1,0,0,0,0,0,0,0,0,1
227,0,3,20,7.25,1,1,0,1,0,0,0,1,0,0,0,0,0,0,0,0,1
228,0,2,18,13.0,1,1,0,1,0,0,0,1,0,0,0,0,0,0,0,0,1
229,0,3,18,5.0933399999999995,5,0,0,1,1,0,1,0,0,0,0,0,0,0,0,0,1
230,1,1,35,41.7375,2,0,0,1,0,1,0,0,1,0,0,1,0,0,0,0,0
231,0,3,29,7.775,1,1,0,1,0,0,0,1,0,0,0,0,0,0,0,0,1
232,0,2,59,13.5,1,1,0,1,0,0,0,1,0,0,0,0,0,0,0,0,1
233,1,3,5,4.483928571428572,7,0,0,1,1,0,1,0,0,0,0,0,0,0,0,0,1
234,0,2,24,10.5,1,1,0,1,0,0,0,1,0,0,0,0,0,0,0,0,1
235,0,3,18,7.55,1,0,0,1,0,0,1,0,0,0,0,0,0,0,0,0,1
236,0,2,44,13.0,2,1,0,1,0,1,0,1,0,0,0,0,0,0,0,0,1
237,1,2,8,8.75,3,0,0,1,0,1,1,0,0,0,0,0,0,0,0,0,1
238,0,2,19,10.5,1,1,0,1,0,0,0,1,0,0,0,0,0,0,0,0,1
239,0,2,33,12.275,1,1,0,1,0,0,0,1,0,0,0,0,0,0,0,0,1
240,0,3,18,7.2271,2,0,0,0,0,1,1,0,0,0,0,0,0,0,0,0,1
241,1,3,18,7.75,2,0,1,0,0,1,1,0,0,0,0,0,0,0,0,0,1
242,0,2,29,10.5,1,1,0,1,0,0,0,1,0,0,0,0,0,0,0,0,1
243,0,3,22,7.125,1,1,0,1,0,0,0,1,0,0,0,0,0,0,0,0,1
244,0,3,30,7.225,1,1,0,0,0,0,0,1,0,0,0,0,0,0,0,0,1
245,0,1,44,30.0,3,1,1,0,0,1,0,0,0,1,0,1,0,0,0,0,0
246,0,3,25,7.775,1,0,0,1,0,0,1,0,0,0,0,0,0,0,0,0,1
247,1,2,24,4.833333333333333,3,0,0,1,0,1,0,0,1,0,0,0,0,0,0,0,1
248,1,1,37,17.518066666666666,3,1,0,1,0,1,0,1,0,0,0,0,1,0,0,0,0
249,0,2,54,13.0,2,1,0,1,0,1,0,0,0,1,0,0,0,0,0,0,1
250,0,3,26,7.25,1,1,0,1,0,0,0,1,0,0,0,0,0,0,0,0,1
251,0,3,29,3.4875000000000003,3,0,0,1,0,1,0,0,1,0,0,0,0,0,0,1,0
252,0,1,62,26.55,1,1,0,1,0,0,0,1,0,0,0,1,0,0,0,0,0
253,0,3,30,8.05,2,1,0,1,0,1,0,1,0,0,0,0,0,0,0,0,1
254,0,3,41,6.7375,3,0,0,1,0,1,0,0,1,0,0,0,0,0,0,0,1
255,1,3,29,5.081933333333333,3,0,0,0,0,1,0,0,1,0,0,0,0,0,0,0,1
256,1,1,45,79.2,1,0,0,0,0,0,0,0,1,0,0,0,0,0,0,0,1
257,1,1,30,86.5,1,0,0,1,0,0,1,0,0,0,1,0,0,0,0,0,0
258,1,1,35,512.3292,1,0,0,0,0,0,1,0,0,0,0,0,0,0,0,0,1
259,1,2,50,13.0,2,0,0,1,0,1,0,0,1,0,0,0,0,0,0,0,1
260,0,3,26,7.75,1,1,1,0,0,0,0,1,0,0,0,0,0,0,0,0,1
261,1,3,3,4.483928571428572,7,1,0,1,1,0,0,0,0,0,0,0,0,0,0,0,1
262,0,1,52,26.55,3,1,0,1,0,1,0,1,0,0,0,0,0,1,0,0,0
263,0,1,40,0.0,1,1,0,1,0,0,0,1,0,0,1,0,0,0,0,0,0
264,0,3,18,7.75,1,0,1,0,0,0,1,0,0,0,0,0,0,0,0,0,1
265,0,2,36,10.5,1,1,0,1,0,0,0,1,0,0,0,0,0,0,0,0,1
266,0,3,16,6.614583333333333,6,1,0,1,1,0,0,1,0,0,0,0,0,0,0,0,1
267,1,3,25,3.8875,2,1,0,1,0,1,0,1,0,0,0,0,0,0,0,0,1
268,1,1,58,76.73125,2,0,0,1,0,1,0,0,1,0,0,1,0,0,0,0,0
269,1,1,35,135.6333,1,0,0,1,0,0,1,0,0,0,0,1,0,0,0,0,0
270,0,1,41,31.0,1,1,0,1,0,0,0,1,0,0,0,0,0,0,0,0,1
271,1,3,25,0.0,1,1,0,1,0,0,0,1,0,0,0,0,0,0,0,0,1
272,1,2,41,9.75,2,0,0,1,0,1,0,0,1,0,0,0,0,0,0,0,1
273,0,1,37,14.85,2,1,0,0,0,1,0,1,0,0,0,1,0,0,0,0,0
274,1,3,18,7.75,1,0,1,0,0,0,1,0,0,0,0,0,0,0,0,0,1
275,1,1,63,38.97915,2,0,0,1,0,1,1,0,0,0,0,0,1,0,0,0,0
276,0,3,45,7.75,1,0,0,1,0,0,1,0,0,0,0,0,0,0,0,0,1
277,0,2,30,0.0,1,1,0,1,0,0,0,1,0,0,0,0,0,0,0,0,1
278,0,3,7,4.854166666666667,6,1,1,0,1,0,0,0,0,0,0,0,0,0,0,0,1
279,1,3,35,6.75,3,0,0,1,0,1,0,0,1,0,0,0,0,0,0,0,1
280,0,3,65,7.75,1,1,1,0,0,0,0,1,0,0,0,0,0,0,0,0,1
281,0,3,28,7.8542,1,1,0,1,0,0,0,1,0,0,0,0,0,0,0,0,1
282,0,3,16,9.5,1,1,0,1,0,0,0,1,0,0,0,0,0,0,0,0,1
283,1,3,19,8.05,1,1,0,1,0,0,0,1,0,0,0,0,0,0,0,0,1
284,0,1,41,26.0,1,1,0,1,0,0,0,1,0,0,0,0,0,0,0,0,0
285,0,3,33,8.6625,1,1,0,0,0,0,0,1,0,0,0,0,0,0,0,0,1
286,1,3,30,9.5,1,1,0,1,0,0,0,1,0,0,0,0,0,0,0,0,1
287,0,3,22,7.8958,1,1,0,1,0,0,0,1,0,0,0,0,0,0,0,0,1
288,1,2,42,13.0,1,1,0,1,0,0,0,1,0,0,0,0,0,0,0,0,1
289,1,3,22,7.75,1,0,1,0,0,0,1,0,0,0,0,0,0,0,0,0,1
290,1,1,26,78.85,1,0,0,1,0,0,1,0,0,0,0,0,0,0,0,0,1
291,1,1,19,45.5396,2,0,0,0,0,1,0,0,1,0,1,0,0,0,0,0,0
292,0,2,36,12.875,1,1,0,0,0,0,0,1,0,0,0,0,1,0,0,0,0
293,0,3,24,8.85,1,0,0,1,0,0,1,0,0,0,0,0,0,0,0,0,1
294,0,3,24,7.8958,1,1,0,1,0,0,0,1,0,0,0,0,0,0,0,0,1
295,0,1,41,27.7208,1,1,0,0,0,0,0,1,0,0,0,0,0,0,0,0,1
296,0,3,23,7.2292,1,1,0,0,0,0,0,1,0,0,0,0,0,0,0,0,1
297,0,1,2,37.8875,4,0,0,1,0,1,1,0,0,0,0,1,0,0,0,0,0
298,1,1,41,30.5,1,1,0,1,0,0,0,1,0,0,0,1,0,0,0,0,0
299,1,1,50,123.7604,2,0,0,0,0,1,0,0,1,0,1,0,0,0,0,0,0
300,1,3,18,7.75,1,0,1,0,0,0,1,0,0,0,0,0,0,0,0,0,1
301,1,3,26,7.75,3,1,1,0,0,1,0,1,0,0,0,0,0,0,0,0,1
302,0,3,19,0.0,1,1,0,1,0,0,0,1,0,0,0,0,0,0,0,0,1
303,1,2,20,12.35,1,0,1,0,0,0,1,0,0,0,0,0,0,1,0,0,0
304,0,3,26,8.05,1,1,0,1,0,0,0,1,0,0,0,0,0,0,0,0,1
305,1,1,0,37.8875,4,1,0,1,0,1,0,0,0,0,0,1,0,0,0,0,0
306,1,1,30,110.8833,1,0,0,0,0,0,1,0,0,0,0,0,0,0,0,0,1
307,1,1,17,54.45,2,0,0,0,0,1,0,0,1,0,0,1,0,0,0,0,0
308,0,2,30,12.0,2,1,0,0,0,1,0,1,0,0,0,0,0,0,0,0,1
309,1,1,30,56.9292,1,0,0,0,0,0,1,0,0,0,0,0,0,1,0,0,0
310,1,1,24,83.1583,1,0,0,0,0,0,1,0,0,0,0,1,0,0,0,0,0
311,1,1,18,52.475,5,0,0,0,1,0,1,0,0,0,1,0,0,0,0,0,0
312,0,2,26,8.666666666666666,3,0,0,1,0,1,0,0,1,0,0,0,0,0,0,0,1
313,0,3,28,7.8958,1,1,0,1,0,0,0,1,0,0,0,0,0,0,0,0,1
314,0,2,43,8.75,3,1,0,1,0,1,0,1,0,0,0,0,0,0,0,0,1
315,1,3,26,7.8542,1,0,0,1,0,0,1,0,0,0,0,0,0,0,0,0,1
316,1,2,24,13.0,2,0,0,1,0,1,0,0,1,0,0,0,0,0,0,0,1
317,0,2,54,14.0,1,1,0,1,0,0,0,0,0,1,0,0,0,0,0,0,1
318,1,1,31,54.95556666666667,3,0,0,1,0,1,1,0,0,0,0,1,0,0,0,0,0
319,1,1,40,44.833333333333336,3,0,0,0,0,1,0,0,1,0,0,0,0,1,0,0,0
320,0,3,22,7.25,1,1,0,1,0,0,0,1,0,0,0,0,0,0,0,0,1
321,0,3,27,7.8958,1,1,0,1,0,0,0,1,0,0,0,0,0,0,0,0,1
322,1,2,30,12.35,1,0,1,0,0,0,1,0,0,0,0,0,0,0,0,0,1
323,1,2,22,9.666666666666666,3,0,0,1,0,1,0,0,1,0,0,0,0,0,0,0,1
324,0,3,26,6.322727272727272,11,1,0,1,1,0,0,1,0,0,0,0,0,0,0,0,1
325,1,1,36,135.6333,1,0,0,0,0,0,1,0,0,0,0,1,0,0,0,0,0
326,0,3,61,6.2375,1,1,0,1,0,0,0,1,0,0,0,0,0,0,0,0,1
327,1,2,36,13.0,1,0,0,1,0,0,0,0,1,0,0,0,1,0,0,0,0
328,1,3,31,6.841666666666666,3,0,0,1,0,1,0,0,1,0,0,0,0,0,0,0,1
329,1,1,16,28.9896,2,0,0,0,0,1,1,0,0,0,1,0,0,0,0,0,0
330,1,3,18,7.75,3,0,1,0,0,1,1,0,0,0,0,0,0,0,0,0,1
331,0,1,45,28.5,1,1,0,1,0,0,0,1,0,0,0,1,0,0,0,0,0
332,0,1,38,76.73125,2,1,0,1,0,1,0,1,0,0,0,1,0,0,0,0,0
333,0,3,16,6.0,3,1,0,1,0,1,0,1,0,0,0,0,0,0,0,0,1
334,1,1,45,66.825,2,0,0,1,0,1,0,0,1,0,0,0,0,0,0,0,1
335,0,3,26,7.8958,1,1,0,1,0,0,0,1,0,0,0,0,0,0,0,0,1
336,0,1,29,33.3,2,1,0,1,0,1,0,1,0,0,0,1,0,0,0,0,0
337,1,1,41,134.5,1,0,0,0,0,0,1,0,0,0,0,0,0,1,0,0,0
338,1,3,45,8.05,1,1,0,1,0,0,0,1,0,0,0,0,0,0,0,0,1
339,0,1,45,35.5,1,1,0,1,0,0,0,1,0,0,0,0,0,0,0,0,0
340,1,2,2,8.666666666666666,3,1,0,1,0,1,0,0,0,0,0,0,0,0,1,0,0
341,1,1,24,43.833333333333336,6,0,0,1,1,0,1,0,0,0,0,1,0,0,0,0,0
342,0,2,28,13.0,1,1,0,1,0,0,0,1,0,0,0,0,0,0,0,0,1
343,0,2,25,13.0,1,1,0,1,0,0,0,1,0,0,0,0,0,0,0,0,1
344,0,2,36,13.0,1,1,0,1,0,0,0,1,0,0,0,0,0,0,0,0,1
345,1,2,24,13.0,1,0,0,1,0,0,1,0,0,0,0,0,0,0,1,0,0
346,1,2,40,13.0,1,0,0,1,0,0,1,0,0,0,0,0,0,0,0,0,1
347,1,3,31,8.05,2,0,0,1,0,1,0,0,1,0,0,0,0,0,0,0,1
348,1,3,3,5.3,3,1,0,1,0,1,0,0,0,0,0,0,0,0,0,0,1
349,0,3,42,8.6625,1,1,0,1,0,0,0,1,0,0,0,0,0,0,0,0,1
350,0,3,23,9.225,1,1,0,1,0,0,0,1,0,0,0,0,0,0,0,0,1
351,0,1,41,35.0,1,1,0,1,0,0,0,1,0,0,0,1,0,0,0,0,0
352,0,3,15,2.409733333333333,3,1,0,0,0,1,0,1,0,0,0,0,0,0,0,0,1
353,0,3,25,8.9,2,1,0,1,0,1,0,1,0,0,0,0,0,0,0,0,1
354,0,3,26,7.225,1,1,0,0,0,0,0,1,0,0,0,0,0,0,0,0,1
355,0,3,28,9.5,1,1,0,1,0,0,0,1,0,0,0,0,0,0,0,0,1
356,1,1,22,27.5,2,0,0,1,0,1,1,0,0,0,0,0,0,1,0,0,0
357,0,2,38,13.0,1,0,0,1,0,0,1,0,0,0,0,0,0,0,0,0,1
358,1,3,18,7.8792,1,0,1,0,0,0,1,0,0,0,0,0,0,0,0,0,1
359,1,3,18,7.8792,1,0,1,0,0,0,1,0,0,0,0,0,0,0,0,0,1
360,0,3,40,4.6499999999999995,6,1,0,1,1,0,0,1,0,0,0,0,0,0,0,0,1
361,0,2,29,13.8604,2,1,0,0,0,1,0,1,0,0,0,0,0,0,0,0,1
362,0,3,45,7.2271,2,0,0,0,0,1,0,0,1,0,0,0,0,0,0,0,1
363,0,3,35,7.05,1,1,0,1,0,0,0,1,0,0,0,0,0,0,0,0,1
364,0,3,26,7.75,2,1,1,0,0,1,0,1,0,0,0,0,0,0,0,0,1
365,0,3,30,7.25,1,1,0,1,0,0,0,1,0,0,0,0,0,0,0,0,1
366,1,1,60,37.625,2,0,0,0,0,1,0,0,1,0,0,0,1,0,0,0,0
367,1,3,31,7.2292,1,0,0,0,0,0,0,0,1,0,0,0,0,0,0,0,1
368,1,3,18,7.75,1,0,1,0,0,0,1,0,0,0,0,0,0,0,0,0,1
369,1,1,24,69.3,1,0,0,0,0,0,0,0,1,0,1,0,0,0,0,0,0
370,1,1,25,27.72085,2,1,0,0,0,1,0,1,0,0,0,0,0,1,0,0,0
371,0,3,18,3.2479,2,1,0,1,0,1,0,1,0,0,0,0,0,0,0,0,1
372,0,3,19,8.05,1,1,0,1,0,0,0,1,0,0,0,0,0,0,0,0,1
373,0,1,22,135.6333,1,1,0,0,0,0,0,1,0,0,0,0,0,0,0,0,1
374,0,3,3,4.215,5,0,0,1,1,0,1,0,0,0,0,0,0,0,0,0,1
375,1,1,45,41.0854,2,0,0,0,0,1,0,0,1,0,0,0,0,0,0,0,1
376,1,3,22,7.25,1,0,0,1,0,0,1,0,0,0,0,0,0,0,0,0,1
377,0,1,27,70.5,3,1,0,0,0,1,0,1,0,0,0,1,0,0,0,0,0
378,0,3,20,4.0125,1,1,0,0,0,0,0,1,0,0,0,0,0,0,0,0,1
379,0,3,19,7.775,1,1,0,1,0,0,0,1,0,0,0,0,0,0,0,0,1
380,1,1,42,227.525,1,0,0,0,0,0,1,0,0,0,0,0,0,0,0,0,1
381,1,3,1,5.247233333333333,3,0,0,0,0,1,1,0,0,0,0,0,0,0,0,0,1
382,0,3,32,7.925,1,1,0,1,0,0,0,1,0,0,0,0,0,0,0,0,1
383,1,1,35,26.0,2,0,0,1,0,1,0,0,1,0,0,0,0,0,0,0,1
384,0,3,26,7.8958,1,1,0,1,0,0,0,1,0,0,0,0,0,0,0,0,1
385,0,2,18,73.5,1,1,0,1,0,0,0,1,0,0,0,0,0,0,0,0,1
386,0,3,1,5.8625,8,1,0,1,1,0,0,0,0,0,0,0,0,0,0,0,1
387,1,2,36,13.0,1,0,0,1,0,0,1,0,0,0,0,0,0,0,0,0,1
388,0,3,26,7.7292,1,1,1,0,0,0,0,1,0,0,0,0,0,0,0,0,1
389,1,2,17,12.0,1,0,0,0,0,0,1,0,0,0,0,0,0,0,0,0,1
390,1,1,36,30.0,4,1,0,1,0,1,0,1,0,0,1,0,0,0,0,0,0
391,1,3,21,7.7958,1,1,0,1,0,0,0,1,0,0,0,0,0,0,0,0,1
392,0,3,28,2.6416666666666666,3,1,0,1,0,1,0,1,0,0,0,0,0,0,0,0,1
393,1,1,23,56.6375,2,0,0,0,0,1,1,0,0,0,0,0,1,0,0,0,0
394,1,3,24,5.566666666666666,3,0,0,1,0,1,0,0,1,0,0,0,0,0,0,1,0
395,0,3,22,7.7958,1,1,0,1,0,0,0,1,0,0,0,0,0,0,0,0,1
396,0,3,31,7.8542,1,0,0,1,0,0,1,0,0,0,0,0,0,0,0,0,1
397,0,2,46,26.0,1,1,0,1,0,0,0,1,0,0,0,0,0,0,0,0,1
398,0,2,23,10.5,1,1,0,1,0,0,0,0,0,1,0,0,0,0,0,0,1
399,1,2,28,12.65,1,0,0,1,0,0,0,0,1,0,0,0,0,0,0,0,1
400,1,3,39,7.925,1,1,0,1,0,0,0,1,0,0,0,0,0,0,0,0,1
401,0,3,26,8.05,1,1,0,1,0,0,0,1,0,0,0,0,0,0,0,0,1
402,0,3,21,4.9125,2,0,0,1,0,1,1,0,0,0,0,0,0,0,0,0,1
403,0,3,28,7.925,2,1,0,1,0,1,0,1,0,0,0,0,0,0,0,0,1
404,0,3,20,8.6625,1,0,0,1,0,0,1,0,0,0,0,0,0,0,0,0,1
405,0,2,34,10.5,2,1,0,1,0,1,0,1,0,0,0,0,0,0,0,0,1
406,0,3,51,7.75,1,1,0,1,0,0,0,1,0,0,0,0,0,0,0,0,1
407,1,2,3,6.25,3,1,0,1,0,1,0,0,0,0,0,0,0,0,0,0,1
408,0,3,21,7.775,1,1,0,1,0,0,0,1,0,0,0,0,0,0,0,0,1
409,0,3,18,5.0933399999999995,5,0,0,1,1,0,1,0,0,0,0,0,0,0,0,0,1
410,0,3,26,7.8958,1,1,0,1,0,0,0,1,0,0,0,0,0,0,0,0,1
411,0,3,26,6.8583,1,1,1,0,0,0,0,1,0,0,0,0,0,0,0,0,1
412,1,1,33,45.0,2,0,1,0,0,1,1,0,0,0,0,1,0,0,0,0,0
413,0,2,30,0.0,1,1,0,1,0,0,0,1,0,0,0,0,0,0,0,0,1
414,1,3,44,7.925,1,1,0,1,0,0,0,1,0,0,0,0,0,0,0,0,1
415,0,3,31,8.05,1,0,0,1,0,0,0,0,1,0,0,0,0,0,0,0,1
416,1,2,34,10.833333333333334,3,0,0,1,0,1,0,0,1,0,0,0,0,0,0,0,1
417,1,2,18,4.333333333333333,3,0,0,1,0,1,1,0,0,0,0,0,0,0,0,0,1
418,0,2,30,13.0,1,1,0,1,0,0,0,1,0,0,0,0,0,0,0,0,1
419,0,3,10,8.049999999999999,3,0,0,1,0,1,1,0,0,0,0,0,0,0,0,0,1
420,0,3,26,7.8958,1,1,0,0,0,0,0,1,0,0,0,0,0,0,0,0,1
421,0,3,21,7.7333,1,1,1,0,0,0,0,1,0,0,0,0,0,0,0,0,1
422,0,3,29,7.875,1,1,0,1,0,0,0,1,0,0,0,0,0,0,0,0,1
423,0,3,28,4.8,3,0,0,1,0,1,0,0,1,0,0,0,0,0,0,0,1
424,0,3,18,6.7375,3,1,0,1,0,1,0,1,0,0,0,0,0,0,0,0,1
425,0,3,26,7.25,1,1,0,1,0,0,0,1,0,0,0,0,0,0,0,0,1
426,1,2,28,13.0,2,0,0,1,0,1,0,0,1,0,0,0,0,0,0,0,1
427,1,2,19,26.0,1,0,0,1,0,0,1,0,0,0,0,0,0,0,0,0,1
428,0,3,26,7.75,1,1,1,0,0,0,0,1,0,0,0,0,0,0,0,0,1
429,1,3,32,8.05,1,1,0,1,0,0,0,1,0,0,0,0,0,1,0,0,0
430,1,1,28,26.55,1,1,0,1,0,0,0,1,0,0,0,1,0,0,0,0,0
431,1,3,31,8.05,2,0,0,1,0,1,0,0,1,0,0,0,0,0,0,0,1
432,1,2,42,13.0,2,0,0,1,0,1,0,0,1,0,0,0,0,0,0,0,1
433,0,3,17,7.125,1,1,0,1,0,0,0,1,0,0,0,0,0,0,0,0,1
434,0,1,50,27.95,2,1,0,1,0,1,0,1,0,0,0,0,0,1,0,0,0
435,1,1,14,30.0,4,0,0,1,0,1,1,0,0,0,1,0,0,0,0,0,0
436,0,3,21,6.875,5,0,0,1,1,0,1,0,0,0,0,0,0,0,0,0,1
437,1,2,24,3.125,6,0,0,1,1,0,0,0,1,0,0,0,0,0,0,0,1
438,0,1,64,43.833333333333336,6,1,0,1,1,0,0,1,0,0,0,1,0,0,0,0,0
439,0,2,31,10.5,1,1,0,1,0,0,0,1,0,0,0,0,0,0,0,0,1
440,1,2,45,8.75,3,0,0,1,0,1,0,0,1,0,0,0,0,0,0,0,1
441,0,3,20,9.5,1,1,0,1,0,0,0,1,0,0,0,0,0,0,0,0,1
442,0,3,25,3.8875,2,1,0,1,0,1,0,1,0,0,0,0,0,0,0,0,1
443,1,2,28,13.0,1,0,0,1,0,0,1,0,0,0,0,0,0,0,0,0,1
444,1,3,26,8.1125,1,1,0,1,0,0,0,1,0,0,0,0,0,0,0,0,1
445,1,1,4,27.2861,3,1,0,1,0,1,0,0,0,0,0,0,0,0,0,0,0
446,1,2,13,9.75,2,0,0,1,0,1,1,0,0,0,0,0,0,0,0,0,1
447,1,1,34,26.55,1,1,0,1,0,0,0,1,0,0,0,0,0,0,0,0,1
448,1,3,5,4.814575,4,0,0,0,0,1,1,0,0,0,0,0,0,0,0,0,1
449,1,1,52,30.5,1,1,0,1,0,0,0,0,0,1,0,1,0,0,0,0,0
450,0,2,36,6.9375,4,1,0,1,0,1,0,1,0,0,0,0,0,0,0,0,1
451,0,3,26,9.98335,2,1,0,1,0,1,0,1,0,0,0,0,0,0,0,0,1
452,0,1,30,27.75,1,1,0,0,0,0,0,1,0,0,0,1,0,0,0,0,0
453,1,1,49,44.5521,2,1,0,0,0,1,0,1,0,0,0,1,0,0,0,0,0
454,0,3,26,8.05,1,1,0,1,0,0,0,1,0,0,0,0,0,0,0,0,1
455,1,3,29,7.8958,1,1,0,0,0,0,0,1,0,0,0,0,0,0,0,0,1
456,0,1,65,26.55,1,1,0,1,0,0,0,1,0,0,0,0,0,1,0,0,0
457,1,1,45,25.93125,2,0,0,1,0,1,0,0,1,0,0,0,1,0,0,0,0
458,1,2,50,10.5,1,0,0,1,0,0,1,0,0,0,0,0,0,0,0,0,1
459,0,3,26,7.75,1,1,1,0,0,0,0,1,0,0,0,0,0,0,0,0,1
460,1,1,48,26.55,1,1,0,1,0,0,0,1,0,0,0,0,0,1,0,0,0
461,0,3,34,8.05,1,1,0,1,0,0,0,1,0,0,0,0,0,0,0,0,1
462,0,1,47,38.5,1,1,0,1,0,0,0,1,0,0,0,0,0,1,0,0,0
463,0,2,48,13.0,1,1,0,1,0,0,0,1,0,0,0,0,0,0,0,0,1
464,0,3,26,8.05,1,1,0,1,0,0,0,1,0,0,0,0,0,0,0,0,1
465,0,3,38,7.05,1,1,0,1,0,0,0,1,0,0,0,0,0,0,0,0,1
466,0,2,30,0.0,1,1,0,1,0,0,0,1,0,0,0,0,0,0,0,0,1
467,0,1,56,26.55,1,1,0,1,0,0,0,1,0,0,0,0,0,0,0,0,1
468,0,3,26,7.725,1,1,1,0,0,0,0,1,0,0,0,0,0,0,0,0,1
469,1,3,0,4.814575,4,0,0,0,0,1,1,0,0,0,0,0,0,0,0,0,1
470,0,3,26,7.25,1,1,0,1,0,0,0,1,0,0,0,0,0,0,0,0,1
471,0,3,38,8.6625,1,1,0,1,0,0,0,1,0,0,0,0,0,0,0,0,1
472,1,2,33,6.9375,4,0,0,1,0,1,0,0,1,0,0,0,0,0,0,0,1
473,1,2,23,13.7917,1,0,0,0,0,0,0,0,1,0,0,0,1,0,0,0,0
474,0,3,22,9.8375,1,0,0,1,0,0,1,0,0,0,0,0,0,0,0,0,1
475,0,1,41,52.0,1,1,0,1,0,0,0,1,0,0,0,0,0,0,0,0,0
476,0,2,34,10.5,2,1,0,1,0,1,0,1,0,0,0,0,0,0,0,0,1
477,0,3,29,3.5229,2,1,0,1,0,1,0,1,0,0,0,0,0,0,0,0,1
478,0,3,22,7.5208,1,1,0,1,0,0,0,1,0,0,0,0,0,0,0,0,1
479,1,3,2,6.14375,2,0,0,1,0,1,1,0,0,0,0,0,0,0,0,0,1
480,0,3,9,5.8625,8,1,0,1,1,0,0,0,0,0,0,0,0,0,0,0,1
481,0,2,30,0.0,1,1,0,1,0,0,0,1,0,0,0,0,0,0,0,0,1
482,0,3,50,8.05,1,1,0,1,0,0,0,1,0,0,0,0,0,0,0,0,1
483,1,3,63,9.5875,1,0,0,1,0,0,0,0,1,0,0,0,0,0,0,0,1
484,1,1,25,45.5396,2,1,0,0,0,1,0,1,0,0,1,0,0,0,0,0,0
485,0,3,18,5.0933399999999995,5,0,0,1,1,0,1,0,0,0,0,0,0,0,0,0,1
486,1,1,35,45.0,2,0,0,1,0,1,0,0,1,0,0,1,0,0,0,0,0
487,0,1,58,29.7,1,1,0,0,0,0,0,1,0,0,1,0,0,0,0,0,0
488,0,3,30,8.05,1,1,0,1,0,0,0,1,0,0,0,0,0,0,0,0,1
489,1,3,9,5.3,3,1,0,1,0,1,0,0,0,0,0,0,0,0,0,0,1
490,0,3,26,9.98335,2,1,0,1,0,1,0,1,0,0,0,0,0,0,0,0,1
491,0,3,21,7.25,1,1,0,1,0,0,0,1,0,0,0,0,0,0,0,0,1
492,0,1,55,30.5,1,1,0,1,0,0,0,1,0,0,0,1,0,0,0,0,0
493,0,1,71,49.5042,1,1,0,0,0,0,0,1,0,0,0,0,0,0,0,0,1
494,0,3,21,8.05,1,1,0,1,0,0,0,1,0,0,0,0,0,0,0,0,1
495,0,3,26,14.4583,1,1,0,0,0,0,0,1,0,0,0,0,0,0,0,0,1
496,1,1,54,39.13335,2,0,0,0,0,1,1,0,0,0,0,0,1,0,0,0,0
497,0,3,26,15.1,1,1,0,1,0,0,0,1,0,0,0,0,0,0,0,0,1
498,0,1,25,37.8875,4,0,0,1,0,1,0,0,1,0,0,1,0,0,0,0,0
499,0,3,24,7.7958,1,1,0,1,0,0,0,1,0,0,0,0,0,0,0,0,1
500,0,3,17,8.6625,1,1,0,1,0,0,0,1,0,0,0,0,0,0,0,0,1
501,0,3,21,7.75,1,0,1,0,0,0,1,0,0,0,0,0,0,0,0,0,1
502,0,3,18,7.6292,1,0,1,0,0,0,1,0,0,0,0,0,0,0,0,0,1
503,0,3,37,9.5875,1,0,0,1,0,0,1,0,0,0,0,0,0,0,0,0,1
504,1,1,16,86.5,1,0,0,1,0,0,1,0,0,0,1,0,0,0,0,0,0
505,0,1,18,54.45,2,1,0,0,0,1,0,1,0,0,0,1,0,0,0,0,0
506,1,2,33,8.666666666666666,3,0,0,1,0,1,0,0,1,0,0,0,0,0,0,0,1
507,1,1,41,26.55,1,1,0,1,0,0,0,1,0,0,0,0,0,0,0,0,1
508,0,3,28,22.525,1,1,0,1,0,0,0,1,0,0,0,0,0,0,0,0,1
509,1,3,26,56.4958,1,1,0,1,0,0,0,1,0,0,0,0,0,0,0,0,1
510,1,3,29,7.75,1,1,1,0,0,0,0,1,0,0,0,0,0,0,0,0,1
511,0,3,26,8.05,1,1,0,1,0,0,0,1,0,0,0,0,0,0,0,0,1
512,1,1,36,26.2875,1,1,0,1,0,0,0,1,0,0,0,0,0,1,0,0,0
513,1,1,54,29.7,2,0,0,0,0,1,0,0,1,0,0,0,0,0,0,0,1
514,0,3,24,7.4958,1,1,0,1,0,0,0,1,0,0,0,0,0,0,0,0,1
515,0,1,47,34.0208,1,1,0,1,0,0,0,1,0,0,0,0,1,0,0,0,0
516,1,2,34,10.5,1,0,0,1,0,0,0,0,1,0,0,0,0,0,1,0,0
517,0,3,26,24.15,1,1,1,0,0,0,0,1,0,0,0,0,0,0,0,0,1
518,1,2,36,13.0,2,0,0,1,0,1,0,0,1,0,0,0,0,0,0,0,1
519,0,3,32,7.8958,1,1,0,1,0,0,0,1,0,0,0,0,0,0,0,0,1
520,1,1,30,93.5,1,0,0,1,0,0,1,0,0,0,1,0,0,0,0,0,0
521,0,3,22,7.8958,1,1,0,1,0,0,0,1,0,0,0,0,0,0,0,0,1
522,0,3,26,7.225,1,1,0,0,0,0,0,1,0,0,0,0,0,0,0,0,1
523,1,1,44,28.9896,2,0,0,0,0,1,0,0,1,0,1,0,0,0,0,0,0
524,0,3,26,7.2292,1,1,0,0,0,0,0,1,0,0,0,0,0,0,0,0,1
525,0,3,40,7.75,1,1,1,0,0,0,0,1,0,0,0,0,0,0,0,0,1
526,1,2,50,10.5,1,0,0,1,0,0,1,0,0,0,0,0,0,0,0,0,1
527,0,1,41,221.7792,1,1,0,1,0,0,0,1,0,0,0,1,0,0,0,0,0
528,0,3,39,7.925,1,1,0,1,0,0,0,1,0,0,0,0,0,0,0,0,1
529,0,2,23,2.875,4,1,0,1,0,1,0,1,0,0,0,0,0,0,0,0,1
530,1,2,2,8.666666666666666,3,0,0,1,0,1,1,0,0,0,0,0,0,0,0,0,1
531,0,3,26,7.2292,1,1,0,0,0,0,0,1,0,0,0,0,0,0,0,0,1
532,0,3,17,2.409733333333333,3,1,0,0,0,1,0,1,0,0,0,0,0,0,0,0,1
533,1,3,31,7.452766666666666,3,0,0,0,0,1,0,0,1,0,0,0,0,0,0,0,1
534,0,3,30,8.6625,1,0,0,1,0,0,1,0,0,0,0,0,0,0,0,0,1
535,1,2,7,8.75,3,0,0,1,0,1,1,0,0,0,0,0,0,0,0,0,1
536,0,1,45,26.55,1,1,0,1,0,0,0,0,0,1,1,0,0,0,0,0,0
537,1,1,30,106.425,1,0,0,0,0,0,1,0,0,0,0,0,0,0,0,0,1
538,0,3,26,14.5,1,1,0,1,0,0,0,1,0,0,0,0,0,0,0,0,1
539,1,1,22,16.5,3,0,0,0,0,1,1,0,0,0,1,0,0,0,0,0,0
540,1,1,36,23.666666666666668,3,0,0,1,0,1,1,0,0,0,1,0,0,0,0,0,0
541,0,3,9,4.4678571428571425,7,0,0,1,1,0,1,0,0,0,0,0,0,0,0,0,1
542,0,3,11,4.4678571428571425,7,0,0,1,1,0,1,0,0,0,0,0,0,0,0,0,1
543,1,2,32,13.0,2,1,0,1,0,1,0,1,0,0,0,0,0,0,0,0,1
544,0,1,50,53.2125,2,1,0,0,0,1,0,1,0,0,0,1,0,0,0,0,0
545,0,1,64,26.0,1,1,0,1,0,0,0,1,0,0,0,0,0,0,0,0,1
546,1,2,19,13.0,2,0,0,1,0,1,0,0,1,0,0,0,0,0,0,0,1
547,1,2,30,13.8625,1,1,0,0,0,0,0,1,0,0,0,0,0,0,0,0,1
548,0,3,33,6.841666666666666,3,1,0,1,0,1,0,1,0,0,0,0,0,0,0,0,1
549,1,2,8,12.25,3,1,0,1,0,1,0,0,0,0,0,0,0,0,0,0,1
550,1,1,17,36.9611,3,1,0,0,0,1,0,1,0,0,0,1,0,0,0,0,0
551,0,2,27,26.0,1,1,0,1,0,0,0,1,0,0,0,0,0,0,0,0,1
552,0,3,26,7.8292,1,1,1,0,0,0,0,1,0,0,0,0,0,0,0,0,1
553,1,3,22,7.225,1,1,0,0,0,0,0,1,0,0,0,0,0,0,0,0,1
554,1,3,22,7.775,1,0,0,1,0,0,1,0,0,0,0,0,0,0,0,0,1
555,0,1,62,26.55,1,1,0,1,0,0,0,1,0,0,0,0,0,0,0,0,1
556,1,1,48,19.8,2,0,0,0,0,1,0,0,1,0,0,0,0,0,0,0,0
557,0,1,41,227.525,1,1,0,0,0,0,0,1,0,0,0,0,0,0,0,0,1
558,1,1,39,26.55,3,0,0,1,0,1,0,0,1,0,0,0,0,1,0,0,0
559,1,3,36,8.7,2,0,0,1,0,1,0,0,1,0,0,0,0,0,0,0,1
560,0,3,26,7.75,1,1,1,0,0,0,0,1,0,0,0,0,0,0,0,0,1
561,0,3,40,7.8958,1,1,0,1,0,0,0,1,0,0,0,0,0,0,0,0,1
562,0,2,28,13.5,1,1,0,1,0,0,0,1,0,0,0,0,0,0,0,0,1
563,0,3,26,8.05,1,1,0,1,0,0,0,1,0,0,0,0,0,0,0,0,1
564,0,3,18,8.05,1,0,0,1,0,0,1,0,0,0,0,0,0,0,0,0,1
565,0,3,24,8.049999999999999,3,1,0,1,0,1,0,1,0,0,0,0,0,0,0,0,1
566,0,3,19,7.8958,1,1,0,1,0,0,0,1,0,0,0,0,0,0,0,0,1
567,0,3,29,4.215,5,0,0,1,1,0,0,0,1,0,0,0,0,0,0,0,1
568,0,3,26,7.2292,1,1,0,0,0,0,0,1,0,0,0,0,0,0,0,0,1
569,1,3,32,7.8542,1,1,0,1,0,0,0,1,0,0,0,0,0,0,0,0,1
570,1,2,62,10.5,1,1,0,1,0,0,0,1,0,0,0,0,0,0,0,0,1
571,1,1,53,17.15973333333333,3,0,0,1,0,1,0,0,1,0,0,1,0,0,0,0,0
572,1,1,36,26.3875,1,1,0,1,0,0,0,1,0,0,0,0,0,1,0,0,0
573,1,3,18,7.75,1,0,1,0,0,0,1,0,0,0,0,0,0,0,0,0,1
574,0,3,16,8.05,1,1,0,1,0,0,0,1,0,0,0,0,0,0,0,0,1
575,0,3,19,14.5,1,1,0,1,0,0,0,1,0,0,0,0,0,0,0,0,1
576,1,2,34,13.0,1,0,0,1,0,0,1,0,0,0,0,0,0,0,0,0,1
577,1,1,39,27.95,2,0,0,1,0,1,0,0,1,0,0,0,0,1,0,0,0
578,0,3,31,7.22915,2,0,0,0,0,1,0,0,1,0,0,0,0,0,0,0,1
579,1,3,32,7.925,1,1,0,1,0,0,0,1,0,0,0,0,0,0,0,0,1
580,1,2,25,10.0,3,0,0,1,0,1,1,0,0,0,0,0,0,0,0,0,1
581,1,1,39,36.9611,3,0,0,0,0,1,0,0,1,0,0,1,0,0,0,0,0
582,0,2,54,26.0,1,1,0,1,0,0,0,1,0,0,0,0,0,0,0,0,1
583,0,1,36,40.125,1,1,0,0,0,0,0,1,0,0,0,0,0,0,0,0,0
584,0,3,26,8.7125,1,1,0,0,0,0,0,1,0,0,0,0,0,0,0,0,1
585,1,1,18,26.55,3,0,0,1,0,1,1,0,0,0,0,0,0,1,0,0,0
586,0,2,47,15.0,1,1,0,1,0,0,0,1,0,0,0,0,0,0,0,0,1
587,1,1,60,26.400000000000002,3,1,0,0,0,1,0,1,0,0,1,0,0,0,0,0,0
588,0,3,22,8.05,1,1,0,1,0,0,0,1,0,0,0,0,0,0,0,0,1
589,0,3,26,8.05,1,1,0,1,0,0,0,1,0,0,0,0,0,0,0,0,1
590,0,3,35,7.125,1,1,0,1,0,0,0,1,0,0,0,0,0,0,0,0,1
591,1,1,52,39.13335,2,0,0,0,0,1,0,0,1,0,0,0,1,0,0,0,0
592,0,3,47,7.25,1,1,0,1,0,0,0,1,0,0,0,0,0,0,0,0,1
593,0,3,18,2.5833333333333335,3,0,1,0,0,1,1,0,0,0,0,0,0,0,0,0,1
594,0,2,37,13.0,2,1,0,1,0,1,0,1,0,0,0,0,0,0,0,0,1
595,0,3,36,8.049999999999999,3,1,0,1,0,1,0,1,0,0,0,0,0,0,0,0,1
596,1,2,20,33.0,1,0,0,1,0,0,1,0,0,0,0,0,0,0,0,0,1
597,0,3,49,0.0,1,1,0,1,0,0,0,1,0,0,0,0,0,0,0,0,1
598,0,3,26,7.225,1,1,0,0,0,0,0,1,0,0,0,0,0,0,0,0,1
599,1,1,49,28.4646,2,1,0,0,0,1,0,0,0,1,0,0,0,0,0,0,0
600,1,2,24,6.75,4,0,0,1,0,1,0,0,1,0,0,0,0,0,0,0,1
601,0,3,26,7.8958,1,1,0,1,0,0,0,1,0,0,0,0,0,0,0,0,1
602,0,1,41,42.4,1,1,0,1,0,0,0,1,0,0,0,0,0,0,0,0,1
603,0,3,44,8.05,1,1,0,1,0,0,0,1,0,0,0,0,0,0,0,0,1
604,1,1,35,26.55,1,1,0,0,0,0,0,1,0,0,0,0,0,0,0,0,1
605,0,3,36,7.775,2,1,0,1,0,1,0,1,0,0,0,0,0,0,0,0,1
606,0,3,30,7.8958,1,1,0,1,0,0,0,1,0,0,0,0,0,0,0,0,1
607,1,1,27,30.5,1,1,0,1,0,0,0,1,0,0,0,0,0,0,0,0,1
608,1,2,22,10.3948,4,0,0,0,0,1,0,0,1,0,0,0,0,0,0,0,1
609,1,1,40,153.4625,1,0,0,1,0,0,1,0,0,0,0,1,0,0,0,0,0
610,0,3,39,4.4678571428571425,7,0,0,1,1,0,0,0,1,0,0,0,0,0,0,0,1
611,0,3,26,7.05,1,1,0,1,0,0,0,1,0,0,0,0,0,0,0,0,1
612,1,3,18,7.75,2,0,1,0,0,1,1,0,0,0,0,0,0,0,0,0,1
613,0,3,26,7.75,1,1,1,0,0,0,0,1,0,0,0,0,0,0,0,0,1
614,0,3,35,8.05,1,1,0,1,0,0,0,1,0,0,0,0,0,0,0,0,1
615,1,2,24,16.25,4,0,0,1,0,1,1,0,0,0,0,0,0,0,0,0,1
616,0,3,34,4.8,3,1,0,1,0,1,0,1,0,0,0,0,0,0,0,0,1
617,0,3,26,8.05,2,0,0,1,0,1,0,0,1,0,0,0,0,0,0,0,1
618,1,2,4,9.75,4,0,0,1,0,1,1,0,0,0,0,0,0,0,1,0,0
619,0,2,26,10.5,1,1,0,1,0,0,0,1,0,0,0,0,0,0,0,0,1
620,0,3,27,7.2271,2,1,0,0,0,1,0,1,0,0,0,0,0,0,0,0,1
621,1,1,42,26.2771,2,1,0,1,0,1,0,1,0,0,0,0,1,0,0,0,0
622,1,3,20,5.247233333333333,3,1,0,0,0,1,0,1,0,0,0,0,0,0,0,0,1
623,0,3,21,7.8542,1,1,0,1,0,0,0,1,0,0,0,0,0,0,0,0,1
624,0,3,21,16.1,1,1,0,1,0,0,0,1,0,0,0,0,0,0,0,0,1
625,0,1,61,32.3208,1,1,0,1,0,0,0,1,0,0,0,0,1,0,0,0,0
626,0,2,57,12.35,1,1,1,0,0,0,0,0,0,1,0,0,0,0,0,0,1
627,1,1,21,77.9583,1,0,0,1,0,0,1,0,0,0,0,0,1,0,0,0,0
628,0,3,26,7.8958,1,1,0,1,0,0,0,1,0,0,0,0,0,0,0,0,1
629,0,3,26,7.7333,1,1,1,0,0,0,0,1,0,0,0,0,0,0,0,0,1
630,1,1,80,30.0,1,1,0,1,0,0,0,1,0,0,0,0,0,0,0,0,0
631,0,3,51,7.0542,1,1,0,1,0,0,0,1,0,0,0,0,0,0,0,0,1
632,1,1,32,30.5,1,1,0,0,0,0,0,0,0,1,1,0,0,0,0,0,0
633,0,1,41,0.0,1,1,0,1,0,0,0,1,0,0,0,0,0,0,0,0,1
634,0,3,9,4.6499999999999995,6,0,0,1,1,0,1,0,0,0,0,0,0,0,0,0,1
635,1,2,28,13.0,1,0,0,1,0,0,1,0,0,0,0,0,0,0,0,0,1
636,0,3,32,7.925,1,1,0,1,0,0,0,1,0,0,0,0,0,0,0,0,1
637,0,2,31,8.75,3,1,0,1,0,1,0,1,0,0,0,0,0,0,0,0,1
638,0,3,41,6.614583333333333,6,0,0,1,1,0,0,0,1,0,0,0,0,0,0,0,1
639,0,3,26,8.05,2,1,0,1,0,1,0,1,0,0,0,0,0,0,0,0,1
640,0,3,20,7.8542,1,1,0,1,0,0,0,1,0,0,0,0,0,0,0,0,1
641,1,1,24,69.3,1,0,0,0,0,0,1,0,0,0,1,0,0,0,0,0,0
642,0,3,2,4.6499999999999995,6,0,0,1,1,0,1,0,0,0,0,0,0,0,0,0,1
643,1,3,26,56.4958,1,1,0,1,0,0,0,1,0,0,0,0,0,0,0,0,1
644,1,3,0,4.814575,4,0,0,0,0,1,1,0,0,0,0,0,0,0,0,0,1
645,1,1,48,38.3646,2,1,0,0,0,1,0,1,0,0,0,0,1,0,0,0,0
646,0,3,19,7.8958,1,1,0,1,0,0,0,1,0,0,0,0,0,0,0,0,1
647,1,1,56,35.5,1,1,0,0,0,0,0,0,0,1,0,0,0,0,0,0,0
648,0,3,26,7.55,1,1,0,1,0,0,0,1,0,0,0,0,0,0,0,0,1
649,1,3,23,7.55,1,0,0,1,0,0,1,0,0,0,0,0,0,0,0,0,1
650,0,3,26,7.8958,1,1,0,1,0,0,0,1,0,0,0,0,0,0,0,0,1
651,1,2,18,11.5,2,0,0,1,0,1,1,0,0,0,0,0,0,0,0,0,1
652,0,3,21,8.4333,1,1,0,1,0,0,0,1,0,0,0,0,0,0,0,0,1
653,1,3,18,7.8292,1,0,1,0,0,0,1,0,0,0,0,0,0,0,0,0,1
654,0,3,18,6.75,1,0,1,0,0,0,1,0,0,0,0,0,0,0,0,0,1
655,0,2,24,24.5,3,1,0,1,0,1,0,1,0,0,0,0,0,0,0,0,1
656,0,3,26,7.8958,1,1,0,1,0,0,0,1,0,0,0,0,0,0,0,0,1
657,0,3,32,5.166666666666667,3,0,1,0,0,1,0,0,1,0,0,0,0,0,0,0,1
658,0,2,23,13.0,1,1,0,1,0,0,0,1,0,0,0,0,0,0,0,0,1
659,0,1,58,37.75833333333333,3,1,0,0,0,1,0,1,0,0,0,0,1,0,0,0,0
660,1,1,50,44.550000000000004,3,1,0,1,0,1,0,0,0,1,0,0,0,0,0,0,1
661,0,3,40,7.225,1,1,0,0,0,0,0,1,0,0,0,0,0,0,0,0,1
662,0,1,47,25.5875,1,1,0,1,0,0,0,1,0,0,0,0,0,1,0,0,0
663,0,3,36,7.4958,1,1,0,1,0,0,0,1,0,0,0,0,0,0,0,0,1
664,1,3,20,3.9625,2,1,0,1,0,1,0,1,0,0,0,0,0,0,0,0,1
665,0,2,32,24.5,3,1,0,1,0,1,0,1,0,0,0,0,0,0,0,0,1
666,0,2,25,13.0,1,1,0,1,0,0,0,1,0,0,0,0,0,0,0,0,1
667,0,3,26,7.775,1,1,0,1,0,0,0,1,0,0,0,0,0,0,0,0,1
668,0,3,43,8.05,1,1,0,1,0,0,0,1,0,0,0,0,0,0,0,0,1
669,1,1,45,26.0,2,0,0,1,0,1,0,0,1,0,0,1,0,0,0,0,0
670,1,2,40,13.0,3,0,0,1,0,1,0,0,1,0,0,0,0,0,0,0,1
671,0,1,31,26.0,2,1,0,1,0,1,0,1,0,0,1,0,0,0,0,0,0
672,0,2,70,10.5,1,1,0,1,0,0,0,1,0,0,0,0,0,0,0,0,1
673,1,2,31,13.0,1,1,0,1,0,0,0,1,0,0,0,0,0,0,0,0,1
674,0,2,30,0.0,1,1,0,1,0,0,0,1,0,0,0,0,0,0,0,0,1
675,0,3,18,7.775,1,1,0,1,0,0,0,1,0,0,0,0,0,0,0,0,1
676,0,3,24,8.05,1,1,0,1,0,0,0,1,0,0,0,0,0,0,0,0,1
677,1,3,18,9.8417,1,0,0,1,0,0,1,0,0,0,0,0,0,0,0,0,1
678,0,3,43,5.8625,8,0,0,1,1,0,0,0,1,0,0,0,0,0,0,0,1
679,1,1,36,256.1646,2,1,0,0,0,1,0,1,0,0,1,0,0,0,0,0,0
680,0,3,18,8.1375,1,0,1,0,0,0,1,0,0,0,0,0,0,0,0,0,1
681,1,1,27,76.7292,1,1,0,0,0,0,0,1,0,0,0,0,1,0,0,0,0
682,0,3,20,9.225,1,1,0,1,0,0,0,1,0,0,0,0,0,0,0,0,1
683,0,3,14,5.8625,8,1,0,1,1,0,0,1,0,0,0,0,0,0,0,0,1
684,0,2,60,13.0,3,1,0,1,0,1,0,1,0,0,0,0,0,0,0,0,1
685,0,2,25,10.3948,4,1,0,0,0,1,0,1,0,0,0,0,0,0,0,0,1
686,0,3,14,6.614583333333333,6,1,0,1,1,0,0,1,0,0,0,0,0,0,0,0,1
687,0,3,19,10.1708,1,1,0,1,0,0,0,1,0,0,0,0,0,0,0,0,1
688,0,3,18,7.7958,1,1,0,1,0,0,0,1,0,0,0,0,0,0,0,0,1
689,1,1,15,105.66875,2,0,0,1,0,1,1,0,0,0,1,0,0,0,0,0,0
690,1,1,31,28.5,2,1,0,1,0,1,0,1,0,0,1,0,0,0,0,0,0
691,1,3,4,6.70835,2,0,0,0,0,1,1,0,0,0,0,0,0,0,0,0,1
692,1,3,26,56.4958,1,1,0,1,0,0,0,1,0,0,0,0,0,0,0,0,1
693,0,3,25,7.225,1,1,0,0,0,0,0,1,0,0,0,0,0,0,0,0,1
694,0,1,60,26.55,1,1,0,1,0,0,0,0,0,1,0,0,0,0,0,0,1
695,0,2,52,13.5,1,1,0,1,0,0,0,1,0,0,0,0,0,0,0,0,1
696,0,3,44,8.05,1,1,0,1,0,0,0,1,0,0,0,0,0,0,0,0,1
697,1,3,18,7.7333,1,0,1,0,0,0,1,0,0,0,0,0,0,0,0,0,1
698,0,1,49,36.9611,3,1,0,0,0,1,0,1,0,0,0,1,0,0,0,0,0
699,0,3,42,7.65,1,1,0,1,0,0,0,1,0,0,0,0,0,0,1,0,0
700,1,1,18,113.7625,2,0,0,0,0,1,0,0,1,0,0,1,0,0,0,0,0
701,1,1,35,26.2875,1,1,0,1,0,0,0,1,0,0,0,0,0,1,0,0,0
702,0,3,18,7.2271,2,0,0,0,0,1,1,0,0,0,0,0,0,0,0,0,1
703,0,3,25,7.7417,1,1,1,0,0,0,0,1,0,0,0,0,0,0,0,0,1
704,0,3,26,3.9271,2,1,0,1,0,1,0,1,0,0,0,0,0,0,0,0,1
705,0,2,39,26.0,1,1,0,1,0,0,0,1,0,0,0,0,0,0,0,0,1
706,1,2,45,13.5,1,0,0,1,0,0,0,0,1,0,0,0,0,0,0,0,1
707,1,1,42,26.2875,1,1,0,1,0,0,0,1,0,0,0,0,0,1,0,0,0
708,1,1,22,151.55,1,0,0,1,0,0,1,0,0,0,0,0,0,0,0,0,1
709,1,3,6,5.081933333333333,3,1,0,0,0,1,0,0,0,0,0,0,0,0,0,0,1
710,1,1,24,49.5042,1,0,0,0,0,0,1,0,0,0,0,1,0,0,0,0,0
711,0,1,41,26.55,1,1,0,1,0,0,0,1,0,0,0,1,0,0,0,0,0
712,1,1,48,26.0,2,1,0,1,0,1,0,1,0,0,0,1,0,0,0,0,0
713,0,3,29,9.4833,1,1,0,1,0,0,0,1,0,0,0,0,0,0,0,0,1
714,0,2,52,13.0,1,1,0,1,0,0,0,1,0,0,0,0,0,0,0,0,1
715,0,3,19,7.65,1,1,0,1,0,0,0,1,0,0,0,0,0,0,1,0,0
716,1,1,38,227.525,1,0,0,0,0,0,1,0,0,0,0,1,0,0,0,0,0
717,1,2,27,10.5,1,0,0,1,0,0,1,0,0,0,0,0,0,1,0,0,0
718,0,3,26,15.5,1,1,1,0,0,0,0,1,0,0,0,0,0,0,0,0,1
719,0,3,33,7.775,1,1,0,1,0,0,0,1,0,0,0,0,0,0,0,0,1
720,1,2,6,16.5,2,0,0,1,0,1,1,0,0,0,0,0,0,0,0,0,1
721,0,3,17,3.5271,2,1,0,1,0,1,0,1,0,0,0,0,0,0,0,0,1
722,0,2,34,13.0,1,1,0,1,0,0,0,1,0,0,0,0,0,0,0,0,1
723,0,2,50,13.0,1,1,0,1,0,0,0,1,0,0,0,0,0,0,0,0,1
724,1,1,27,26.55,2,1,0,1,0,1,0,1,0,0,0,0,0,1,0,0,0
725,0,3,20,8.6625,1,1,0,1,0,0,0,1,0,0,0,0,0,0,0,0,1
726,1,2,30,5.25,4,0,0,1,0,1,0,0,1,0,0,0,0,0,0,0,1
727,1,3,18,7.7375,1,0,1,0,0,0,1,0,0,0,0,0,0,0,0,0,1
728,0,2,25,13.0,2,1,0,1,0,1,0,1,0,0,0,0,0,0,0,0,1
729,0,3,25,3.9625,2,0,0,1,0,1,1,0,0,0,0,0,0,0,0,0,1
730,1,1,29,211.3375,1,0,0,1,0,0,1,0,0,0,1,0,0,0,0,0,0
731,0,3,11,18.7875,1,1,0,0,0,0,0,1,0,0,0,0,0,0,0,0,1
732,0,2,30,0.0,1,1,0,1,0,0,0,1,0,0,0,0,0,0,0,0,1
733,0,2,23,13.0,1,1,0,1,0,0,0,1,0,0,0,0,0,0,0,0,1
734,0,2,23,13.0,1,1,0,1,0,0,0,1,0,0,0,0,0,0,0,0,1
735,0,3,28,16.1,1,1,0,1,0,0,0,1,0,0,0,0,0,0,0,0,1
736,0,3,48,6.875,5,0,0,1,1,0,0,0,1,0,0,0,0,0,0,0,1
737,1,1,35,512.3292,1,1,0,0,0,0,0,1,0,0,1,0,0,0,0,0,0
738,0,3,26,7.8958,1,1,0,1,0,0,0,1,0,0,0,0,0,0,0,0,1
739,0,3,26,7.8958,1,1,0,1,0,0,0,1,0,0,0,0,0,0,0,0,1
740,1,1,41,30.0,1,1,0,1,0,0,0,1,0,0,0,0,1,0,0,0,0
741,0,1,36,39.425,2,1,0,1,0,1,0,1,0,0,0,1,0,0,0,0,0
742,1,1,21,52.475,5,0,0,0,1,0,1,0,0,0,1,0,0,0,0,0,0
743,0,3,24,8.05,2,1,0,1,0,1,0,1,0,0,0,0,0,0,0,0,1
744,1,3,31,7.925,1,1,0,1,0,0,0,1,0,0,0,0,0,0,0,0,1
745,0,1,70,23.666666666666668,3,1,0,1,0,1,0,0,0,1,1,0,0,0,0,0,0
746,0,3,16,6.75,3,1,0,1,0,1,0,1,0,0,0,0,0,0,0,0,1
747,1,2,30,13.0,1,0,0,1,0,0,1,0,0,0,0,0,0,0,0,0,1
748,0,1,19,26.55,2,1,0,1,0,1,0,1,0,0,0,0,1,0,0,0,0
749,0,3,31,7.75,1,1,1,0,0,0,0,1,0,0,0,0,0,0,0,0,1
750,1,2,4,7.666666666666667,3,0,0,1,0,1,1,0,0,0,0,0,0,0,0,0,1
751,1,3,6,6.2375,2,1,0,1,0,1,0,0,0,0,0,0,0,1,0,0,0
752,0,3,33,9.5,1,1,0,1,0,0,0,1,0,0,0,0,0,0,0,0,1
753,0,3,23,7.8958,1,1,0,1,0,0,0,1,0,0,0,0,0,0,0,0,1
754,1,2,48,16.25,4,0,0,1,0,1,0,0,1,0,0,0,0,0,0,0,1
755,1,2,0,4.833333333333333,3,1,0,1,0,1,0,0,0,0,0,0,0,0,0,0,1
756,0,3,28,7.7958,1,1,0,1,0,0,0,1,0,0,0,0,0,0,0,0,1
757,0,2,18,11.5,1,1,0,1,0,0,0,1,0,0,0,0,0,0,0,0,1
758,0,3,34,8.05,1,1,0,1,0,0,0,1,0,0,0,0,0,0,0,0,1
759,1,1,33,86.5,1,0,0,1,0,0,0,0,1,0,1,0,0,0,0,0,0
760,0,3,26,14.5,1,1,0,1,0,0,0,1,0,0,0,0,0,0,0,0,1
761,0,3,41,7.125,1,1,0,1,0,0,0,1,0,0,0,0,0,0,0,0,1
762,1,3,20,7.2292,1,1,0,0,0,0,0,1,0,0,0,0,0,0,0,0,1
763,1,1,36,30.0,4,0,0,1,0,1,0,0,1,0,1,0,0,0,0,0,0
764,0,3,16,7.775,1,1,0,1,0,0,0,1,0,0,0,0,0,0,0,0,1
765,1,1,51,38.97915,2,0,0,1,0,1,0,0,1,0,0,0,1,0,0,0,0
766,0,1,50,39.6,1,1,0,0,0,0,0,0,0,1,0,0,0,0,0,0,1
767,0,3,30,7.75,1,0,1,0,0,0,1,0,0,0,0,0,0,0,0,0,1
768,0,3,26,12.075,2,1,1,0,0,1,0,1,0,0,0,0,0,0,0,0,1
769,0,3,32,8.3625,1,1,0,1,0,0,0,1,0,0,0,0,0,0,0,0,1
770,0,3,24,9.5,1,1,0,1,0,0,0,1,0,0,0,0,0,0,0,0,1
771,0,3,48,7.8542,1,1,0,1,0,0,0,1,0,0,0,0,0,0,0,0,1
772,0,2,57,10.5,1,0,0,1,0,0,0,0,1,0,0,0,0,1,0,0,0
773,0,3,26,7.225,1,1,0,0,0,0,0,1,0,0,0,0,0,0,0,0,1
774,1,2,54,4.6,5,0,0,1,1,0,0,0,1,0,0,0,0,0,0,0,1
775,0,3,18,7.75,1,1,0,1,0,0,0,1,0,0,0,0,0,0,0,0,1
776,0,3,26,7.75,1,1,1,0,0,0,0,1,0,0,0,0,0,0,1,0,0
777,1,3,5,12.475,1,0,0,1,0,0,1,0,0,0,0,0,0,0,0,0,1
778,0,3,26,7.7375,1,1,1,0,0,0,0,1,0,0,0,0,0,0,0,0,1
779,1,1,43,105.66875,2,0,0,1,0,1,0,0,1,0,1,0,0,0,0,0,0
780,1,3,13,7.2292,1,0,0,0,0,0,1,0,0,0,0,0,0,0,0,0,1
781,1,1,17,28.5,2,0,0,1,0,1,0,0,1,0,1,0,0,0,0,0,0
782,0,1,29,30.0,1,1,0,1,0,0,0,1,0,0,0,0,1,0,0,0,0
783,0,3,26,5.8625,4,1,0,1,0,1,0,1,0,0,0,0,0,0,0,0,1
784,0,3,25,7.05,1,1,0,1,0,0,0,1,0,0,0,0,0,0,0,0,1
785,0,3,25,7.25,1,1,0,1,0,0,0,1,0,0,0,0,0,0,0,0,1
786,1,3,18,7.4958,1,0,0,1,0,0,1,0,0,0,0,0,0,0,0,0,1
787,0,3,8,4.854166666666667,6,1,1,0,1,0,0,0,0,0,0,0,0,0,0,0,1
788,1,3,1,5.14375,4,1,0,1,0,1,0,0,0,0,0,0,0,0,0,0,1
789,0,1,46,79.2,1,1,0,0,0,0,0,1,0,0,1,0,0,0,0,0,0
790,0,3,26,7.75,1,1,1,0,0,0,0,1,0,0,0,0,0,0,0,0,1
791,0,2,16,26.0,1,1,0,1,0,0,0,1,0,0,0,0,0,0,0,0,1
792,0,3,18,6.322727272727272,11,0,0,1,1,0,1,0,0,0,0,0,0,0,0,0,1
793,0,1,41,30.6958,1,1,0,0,0,0,0,1,0,0,0,0,0,0,0,0,1
794,0,3,25,7.8958,1,1,0,1,0,0,0,1,0,0,0,0,0,0,0,0,1
795,0,2,39,13.0,1,1,0,1,0,0,0,1,0,0,0,0,0,0,0,0,1
796,1,1,49,25.9292,1,0,0,1,0,0,0,0,0,1,0,0,1,0,0,0,0
797,1,3,31,8.6833,1,0,0,1,0,0,0,0,1,0,0,0,0,0,0,0,1
798,0,3,30,7.2292,1,1,0,0,0,0,0,1,0,0,0,0,0,0,0,0,1
799,0,3,30,8.049999999999999,3,0,0,1,0,1,0,0,1,0,0,0,0,0,0,0,1
800,0,2,34,13.0,1,1,0,1,0,0,0,1,0,0,0,0,0,0,0,0,1
801,1,2,31,8.75,3,0,0,1,0,1,0,0,1,0,0,0,0,0,0,0,1
802,1,1,11,30.0,4,1,0,1,0,1,0,0,0,0,1,0,0,0,0,0,0
803,1,3,0,4.25835,2,1,0,0,0,1,0,0,0,0,0,0,0,0,0,0,1
804,1,3,27,6.975,1,1,0,1,0,0,0,1,0,0,0,0,0,0,0,0,1
805,0,3,31,7.775,1,1,0,1,0,0,0,1,0,0,0,0,0,0,0,0,1
806,0,1,39,0.0,1,1,0,1,0,0,0,1,0,0,0,0,0,0,0,0,0
807,0,3,18,7.775,1,0,0,1,0,0,1,0,0,0,0,0,0,0,0,0,1
808,0,2,39,13.0,1,1,0,1,0,0,0,1,0,0,0,0,0,0,0,0,1
809,1,1,33,26.55,2,0,0,1,0,1,0,0,1,0,0,0,0,1,0,0,0
810,0,3,26,7.8875,1,1,0,1,0,0,0,1,0,0,0,0,0,0,0,0,1
811,0,3,39,24.15,1,1,0,1,0,0,0,1,0,0,0,0,0,0,0,0,1
812,0,2,35,10.5,1,1,0,1,0,0,0,1,0,0,0,0,0,0,0,0,1
813,0,3,6,4.4678571428571425,7,0,0,1,1,0,1,0,0,0,0,0,0,0,0,0,1
814,0,3,30,8.05,1,1,0,1,0,0,0,1,0,0,0,0,0,0,0,0,1
815,0,1,41,0.0,1,1,0,1,0,0,0,1,0,0,1,0,0,0,0,0,0
816,0,3,23,7.925,1,0,0,1,0,0,1,0,0,0,0,0,0,0,0,0,1
817,0,2,31,12.334733333333332,3,1,0,0,0,1,0,1,0,0,0,0,0,0,0,0,1
818,0,3,43,6.45,1,1,0,1,0,0,0,1,0,0,0,0,0,0,0,0,1
819,0,3,10,4.6499999999999995,6,1,0,1,1,0,0,0,0,0,0,0,0,0,0,0,1
820,1,1,52,31.166666666666668,3,0,0,1,0,1,0,0,1,0,1,0,0,0,0,0,0
821,1,3,27,8.6625,1,1,0,1,0,0,0,1,0,0,0,0,0,0,0,0,1
822,0,1,38,0.0,1,1,0,1,0,0,0,1,0,0,0,0,0,0,0,0,1
823,1,3,27,6.2375,2,0,0,1,0,1,0,0,1,0,0,0,0,1,0,0,0
824,0,3,2,6.614583333333333,6,1,0,1,1,0,0,0,0,0,0,0,0,0,0,0,1
825,0,3,26,6.95,1,1,1,0,0,0,0,1,0,0,0,0,0,0,0,0,1
826,0,3,26,56.4958,1,1,0,1,0,0,0,1,0,0,0,0,0,0,0,0,1
827,1,2,1,12.334733333333332,3,1,0,0,0,1,0,0,0,0,0,0,0,0,0,0,1
828,1,3,26,7.75,1,1,1,0,0,0,0,1,0,0,0,0,0,0,0,0,1
829,1,1,62,80.0,1,0,0,0,0,0,0,0,1,0,1,0,0,0,0,0,0
830,1,3,15,7.2271,2,0,0,0,0,1,0,0,1,0,0,0,0,0,0,0,1
831,1,2,0,6.25,3,1,0,1,0,1,0,0,0,0,0,0,0,0,0,0,1
832,0,3,26,7.2292,1,1,0,0,0,0,0,1,0,0,0,0,0,0,0,0,1
833,0,3,23,7.8542,1,1,0,1,0,0,0,1,0,0,0,0,0,0,0,0,1
834,0,3,18,8.3,1,1,0,1,0,0,0,1,0,0,0,0,0,0,0,0,1
835,1,1,39,27.71943333333333,3,0,0,0,0,1,1,0,0,0,0,0,0,1,0,0,0
836,0,3,21,8.6625,1,1,0,1,0,0,0,1,0,0,0,0,0,0,0,0,1
837,0,3,26,8.05,1,1,0,1,0,0,0,1,0,0,0,0,0,0,0,0,1
838,1,3,32,56.4958,1,1,0,1,0,0,0,1,0,0,0,0,0,0,0,0,1
839,1,1,41,29.7,1,1,0,0,0,0,0,1,0,0,0,1,0,0,0,0,0
840,0,3,20,7.925,1,1,0,1,0,0,0,1,0,0,0,0,0,0,0,0,1
841,0,2,16,10.5,1,1,0,1,0,0,0,1,0,0,0,0,0,0,0,0,1
842,1,1,30,31.0,1,0,0,0,0,0,1,0,0,0,0,0,0,0,0,0,1
843,0,3,34,6.4375,1,1,0,0,0,0,0,1,0,0,0,0,0,0,0,0,1
844,0,3,17,8.6625,1,1,0,1,0,0,0,1,0,0,0,0,0,0,0,0,1
845,0,3,42,7.55,1,1,0,1,0,0,0,1,0,0,0,0,0,0,0,0,1
846,0,3,26,6.322727272727272,11,1,0,1,1,0,0,1,0,0,0,0,0,0,0,0,1
847,0,3,35,7.8958,1,1,0,0,0,0,0,1,0,0,0,0,0,0,0,0,1
848,0,2,28,16.5,2,1,0,1,0,1,0,0,0,1,0,0,0,0,0,0,1
849,1,1,45,44.5521,2,0,0,0,0,1,0,0,1,0,0,1,0,0,0,0,0
850,0,3,4,4.4678571428571425,7,1,0,1,1,0,0,0,0,0,0,0,0,0,0,0,1
851,0,3,74,7.775,1,1,0,1,0,0,0,1,0,0,0,0,0,0,0,0,1
852,0,3,9,5.081933333333333,3,0,0,0,0,1,1,0,0,0,0,0,0,0,0,0,1
853,1,1,16,19.7,2,0,0,1,0,1,1,0,0,0,0,0,1,0,0,0,0
854,0,2,44,13.0,2,0,0,1,0,1,0,0,1,0,0,0,0,0,0,0,1
855,1,3,18,4.675,2,0,0,1,0,1,0,0,1,0,0,0,0,0,0,0,1
856,1,1,45,54.95556666666667,3,0,0,1,0,1,0,0,1,0,0,0,0,0,0,0,1
857,1,1,51,26.55,1,1,0,1,0,0,0,1,0,0,0,0,0,1,0,0,0
858,1,3,24,4.814575,4,0,0,0,0,1,0,0,1,0,0,0,0,0,0,0,1
859,0,3,26,7.2292,1,1,0,0,0,0,0,1,0,0,0,0,0,0,0,0,1
860,0,3,41,4.702766666666666,3,1,0,1,0,1,0,1,0,0,0,0,0,0,0,0,1
861,0,2,21,5.75,2,1,0,1,0,1,0,1,0,0,0,0,0,0,0,0,1
862,1,1,48,25.9292,1,0,0,1,0,0,0,0,1,0,0,0,1,0,0,0,0
863,0,3,18,6.322727272727272,11,0,0,1,1,0,1,0,0,0,0,0,0,0,0,0,1
864,0,2,24,13.0,1,1,0,1,0,0,0,1,0,0,0,0,0,0,0,0,1
865,1,2,42,13.0,1,0,0,1,0,0,0,0,1,0,0,0,0,0,0,0,1
866,1,2,27,6.92915,2,0,0,0,0,1,1,0,0,0,0,0,0,0,0,0,1
867,0,1,31,50.4958,1,1,0,1,0,0,0,1,0,0,0,0,0,0,0,0,0
868,0,3,26,9.5,1,1,0,1,0,0,0,1,0,0,0,0,0,0,0,0,1
869,1,3,4,3.7111,3,1,0,1,0,1,0,0,0,0,0,0,0,0,0,0,1
870,0,3,26,7.8958,1,1,0,1,0,0,0,1,0,0,0,0,0,0,0,0,1
871,1,1,47,17.518066666666666,3,0,0,1,0,1,0,0,1,0,0,0,1,0,0,0,0
872,0,1,33,5.0,1,1,0,1,0,0,0,1,0,0,1,0,0,0,0,0,0
873,0,3,47,9.0,1,1,0,1,0,0,0,1,0,0,0,0,0,0,0,0,1
874,1,2,28,12.0,2,0,0,0,0,1,0,0,1,0,0,0,0,0,0,0,1
875,1,3,15,7.225,1,0,0,0,0,0,1,0,0,0,0,0,0,0,0,0,1
876,0,3,20,9.8458,1,1,0,1,0,0,0,1,0,0,0,0,0,0,0,0,1
877,0,3,19,7.8958,1,1,0,1,0,0,0,1,0,0,0,0,0,0,0,0,1
878,0,3,26,7.8958,1,1,0,1,0,0,0,1,0,0,0,0,0,0,0,0,1
879,1,1,56,41.57915,2,0,0,0,0,1,0,0,1,0,0,1,0,0,0,0,0
880,1,2,25,13.0,2,0,0,1,0,1,0,0,1,0,0,0,0,0,0,0,1
881,0,3,33,7.8958,1,1,0,1,0,0,0,1,0,0,0,0,0,0,0,0,1
882,0,3,22,10.5167,1,0,0,1,0,0,1,0,0,0,0,0,0,0,0,0,1
883,0,2,28,10.5,1,1,0,1,0,0,0,1,0,0,0,0,0,0,0,0,1
884,0,3,25,7.05,1,1,0,1,0,0,0,1,0,0,0,0,0,0,0,0,1
885,0,3,39,4.854166666666667,6,0,1,0,1,0,0,0,1,0,0,0,0,0,0,0,1
886,0,2,27,13.0,1,1,0,1,0,0,0,0,0,1,0,0,0,0,0,0,1
887,1,1,19,30.0,1,0,0,1,0,0,1,0,0,0,1,0,0,0,0,0,0
888,0,3,18,5.8625,4,0,0,1,0,1,1,0,0,0,0,0,0,0,0,0,1
889,1,1,26,30.0,1,1,0,0,0,0,0,1,0,0,0,1,0,0,0,0,0
890,0,3,32,7.75,1,1,1,0,0,0,0,1,0,0,0,0,0,0,0,0,1
